{
  "02_Find Flights" : {
    "transaction" : "02_Find Flights",
    "sampleCount" : 10,
    "errorCount" : 0,
    "errorPct" : 0.0,
    "meanResTime" : 1156.1,
    "medianResTime" : 605.0,
    "minResTime" : 241.0,
    "maxResTime" : 3683.0,
    "pct1ResTime" : 3552.9000000000005,
    "pct2ResTime" : 3683.0,
    "pct3ResTime" : 3683.0,
    "throughput" : 1.517680983457277,
    "receivedKBytesPerSec" : 3.534833149946881,
    "sentKBytesPerSec" : 0.9337295113067232
  },
  "Total" : {
    "transaction" : "Total",
    "sampleCount" : 40,
    "errorCount" : 0,
    "errorPct" : 0.0,
    "meanResTime" : 977.325,
    "medianResTime" : 435.5,
    "minResTime" : 241.0,
    "maxResTime" : 3854.0,
    "pct1ResTime" : 2557.4999999999995,
    "pct2ResTime" : 3671.399999999999,
    "pct3ResTime" : 3854.0,
    "throughput" : 4.401892813909981,
    "receivedKBytesPerSec" : 10.312959963409266,
    "sentKBytesPerSec" : 2.7318387531638604
  },
  "03_Choose flights" : {
    "transaction" : "03_Choose flights",
    "sampleCount" : 10,
    "errorCount" : 0,
    "errorPct" : 0.0,
    "meanResTime" : 326.1,
    "medianResTime" : 297.0,
    "minResTime" : 250.0,
    "maxResTime" : 465.0,
    "pct1ResTime" : 460.6,
    "pct2ResTime" : 465.0,
    "pct3ResTime" : 465.0,
    "throughput" : 1.5566625155666252,
    "receivedKBytesPerSec" : 3.880558987780199,
    "sentKBytesPerSec" : 1.041322092932752
  },
  "01_Navigate HomePage" : {
    "transaction" : "01_Navigate HomePage",
    "sampleCount" : 10,
    "errorCount" : 0,
    "errorPct" : 0.0,
    "meanResTime" : 976.5,
    "medianResTime" : 523.5,
    "minResTime" : 344.0,
    "maxResTime" : 3451.0,
    "pct1ResTime" : 3299.0000000000005,
    "pct2ResTime" : 3451.0,
    "pct3ResTime" : 3451.0,
    "throughput" : 2.5967281225655676,
    "receivedKBytesPerSec" : 5.873322270189561,
    "sentKBytesPerSec" : 1.1386044209296287
  },
  "02_Flight details" : {
    "transaction" : "02_Flight details",
    "sampleCount" : 10,
    "errorCount" : 0,
    "errorPct" : 0.0,
    "meanResTime" : 1156.1,
    "medianResTime" : 605.0,
    "minResTime" : 241.0,
    "maxResTime" : 3683.0,
    "pct1ResTime" : 3552.9000000000005,
    "pct2ResTime" : 3683.0,
    "pct3ResTime" : 3683.0,
    "throughput" : 1.5179113539769278,
    "receivedKBytesPerSec" : 3.535369706284153,
    "sentKBytesPerSec" : 0.9338712431693988
  },
  "03_Select Flight" : {
    "transaction" : "03_Select Flight",
    "sampleCount" : 10,
    "errorCount" : 0,
    "errorPct" : 0.0,
    "meanResTime" : 326.1,
    "medianResTime" : 297.0,
    "minResTime" : 250.0,
    "maxResTime" : 465.0,
    "pct1ResTime" : 460.6,
    "pct2ResTime" : 465.0,
    "pct3ResTime" : 465.0,
    "throughput" : 1.5566625155666252,
    "receivedKBytesPerSec" : 3.880558987780199,
    "sentKBytesPerSec" : 1.041322092932752
  },
  "04_Book Flight" : {
    "transaction" : "04_Book Flight",
    "sampleCount" : 10,
    "errorCount" : 0,
    "errorPct" : 0.0,
    "meanResTime" : 1450.6,
    "medianResTime" : 1243.0,
    "minResTime" : 261.0,
    "maxResTime" : 3854.0,
    "pct1ResTime" : 3726.3,
    "pct2ResTime" : 3854.0,
    "pct3ResTime" : 3854.0,
    "throughput" : 1.3489815189531902,
    "receivedKBytesPerSec" : 3.085926961081883,
    "sentKBytesPerSec" : 1.02490978686092
  },
  "04_Fill Passenger details" : {
    "transaction" : "04_Fill Passenger details",
    "sampleCount" : 10,
    "errorCount" : 0,
    "errorPct" : 0.0,
    "meanResTime" : 1450.6,
    "medianResTime" : 1243.0,
    "minResTime" : 261.0,
    "maxResTime" : 3854.0,
    "pct1ResTime" : 3726.3,
    "pct2ResTime" : 3854.0,
    "pct3ResTime" : 3854.0,
    "throughput" : 1.3489815189531902,
    "receivedKBytesPerSec" : 3.085926961081883,
    "sentKBytesPerSec" : 1.02490978686092
  },
  "01_Launch Blazedemo" : {
    "transaction" : "01_Launch Blazedemo",
    "sampleCount" : 10,
    "errorCount" : 0,
    "errorPct" : 0.0,
    "meanResTime" : 976.5,
    "medianResTime" : 523.5,
    "minResTime" : 344.0,
    "maxResTime" : 3451.0,
    "pct1ResTime" : 3299.0000000000005,
    "pct2ResTime" : 3451.0,
    "pct3ResTime" : 3451.0,
    "throughput" : 2.5967281225655676,
    "receivedKBytesPerSec" : 5.873322270189561,
    "sentKBytesPerSec" : 1.1386044209296287
  }
}