{
  "04_Signout-0" : {
    "transaction" : "04_Signout-0",
    "sampleCount" : 24,
    "errorCount" : 0,
    "errorPct" : 0.0,
    "meanResTime" : 803.2499999999998,
    "medianResTime" : 871.5,
    "minResTime" : 324.0,
    "maxResTime" : 983.0,
    "pct1ResTime" : 969.0,
    "pct2ResTime" : 982.0,
    "pct3ResTime" : 983.0,
    "throughput" : 0.019706892814209984,
    "receivedKBytesPerSec" : 0.011585497533353917,
    "sentKBytesPerSec" : 0.011081117830386058
  },
  "04_Signout-1" : {
    "transaction" : "04_Signout-1",
    "sampleCount" : 24,
    "errorCount" : 0,
    "errorPct" : 0.0,
    "meanResTime" : 321.29166666666663,
    "medianResTime" : 304.0,
    "minResTime" : 285.0,
    "maxResTime" : 598.0,
    "pct1ResTime" : 346.5,
    "pct2ResTime" : 535.25,
    "pct3ResTime" : 598.0,
    "throughput" : 0.019717157377420896,
    "receivedKBytesPerSec" : 0.45159719629210643,
    "sentKBytesPerSec" : 0.010952104303351752
  },
  "03_Enter_Userdetails" : {
    "transaction" : "03_Enter_Userdetails",
    "sampleCount" : 48,
    "errorCount" : 0,
    "errorPct" : 0.0,
    "meanResTime" : 646.5833333333335,
    "medianResTime" : 621.5,
    "minResTime" : 581.0,
    "maxResTime" : 806.0,
    "pct1ResTime" : 744.4,
    "pct2ResTime" : 779.8999999999999,
    "pct3ResTime" : 806.0,
    "throughput" : 0.03814015872662724,
    "receivedKBytesPerSec" : 0.917181115992963,
    "sentKBytesPerSec" : 0.048367357864341806
  },
  "03_Enter_Userdetails-0" : {
    "transaction" : "03_Enter_Userdetails-0",
    "sampleCount" : 24,
    "errorCount" : 0,
    "errorPct" : 0.0,
    "meanResTime" : 330.7916666666667,
    "medianResTime" : 314.5,
    "minResTime" : 293.0,
    "maxResTime" : 483.0,
    "pct1ResTime" : 387.5,
    "pct2ResTime" : 459.25,
    "pct3ResTime" : 483.0,
    "throughput" : 0.01971374006612317,
    "receivedKBytesPerSec" : 0.011575084194098199,
    "sentKBytesPerSec" : 0.013106396441259216
  },
  "Total" : {
    "transaction" : "Total",
    "sampleCount" : 192,
    "errorCount" : 0,
    "errorPct" : 0.0,
    "meanResTime" : 639.2604166666667,
    "medianResTime" : 387.5,
    "minResTime" : 285.0,
    "maxResTime" : 1577.0,
    "pct1ResTime" : 1238.1000000000004,
    "pct2ResTime" : 1303.7499999999998,
    "pct3ResTime" : 1530.4999999999995,
    "throughput" : 0.1486116421741264,
    "receivedKBytesPerSec" : 2.600294808103282,
    "sentKBytesPerSec" : 0.10848586384967622
  },
  "03_Enter_Userdetails-1" : {
    "transaction" : "03_Enter_Userdetails-1",
    "sampleCount" : 24,
    "errorCount" : 0,
    "errorPct" : 0.0,
    "meanResTime" : 315.125,
    "medianResTime" : 307.5,
    "minResTime" : 286.0,
    "maxResTime" : 399.0,
    "pct1ResTime" : 370.5,
    "pct2ResTime" : 392.5,
    "pct3ResTime" : 399.0,
    "throughput" : 0.019715132760882548,
    "receivedKBytesPerSec" : 0.46252667318840524,
    "sentKBytesPerSec" : 0.011894379616113507
  },
  "04_Signout" : {
    "transaction" : "04_Signout",
    "sampleCount" : 48,
    "errorCount" : 0,
    "errorPct" : 0.0,
    "meanResTime" : 1124.791666666667,
    "medianResTime" : 1174.5,
    "minResTime" : 620.0,
    "maxResTime" : 1577.0,
    "pct1ResTime" : 1298.6000000000001,
    "pct2ResTime" : 1466.2999999999993,
    "pct3ResTime" : 1577.0,
    "throughput" : 0.03888283144778602,
    "receivedKBytesPerSec" : 0.913422198998281,
    "sentKBytesPerSec" : 0.043461563308540126
  },
  "02_signIn" : {
    "transaction" : "02_signIn",
    "sampleCount" : 48,
    "errorCount" : 0,
    "errorPct" : 0.0,
    "meanResTime" : 318.33333333333326,
    "medianResTime" : 319.0,
    "minResTime" : 287.0,
    "maxResTime" : 365.0,
    "pct1ResTime" : 338.5,
    "pct2ResTime" : 359.15,
    "pct3ResTime" : 365.0,
    "throughput" : 0.038975781423817774,
    "receivedKBytesPerSec" : 0.8571626930316174,
    "sentKBytesPerSec" : 0.022030134267507027
  },
  "01_Launch" : {
    "transaction" : "01_Launch",
    "sampleCount" : 48,
    "errorCount" : 0,
    "errorPct" : 0.0,
    "meanResTime" : 1253.916666666667,
    "medianResTime" : 1209.5,
    "minResTime" : 1099.0,
    "maxResTime" : 1527.0,
    "pct1ResTime" : 1388.7,
    "pct2ResTime" : 1491.8999999999999,
    "pct3ResTime" : 1527.0,
    "throughput" : 0.039386619052620524,
    "receivedKBytesPerSec" : 0.9022366035236253,
    "sentKBytesPerSec" : 0.019808700011815984
  }
}